{
  "generation": 1,
  "population": [
    {
      "aggression": 0.9110919976868556,
      "patience": 0.21713439769747112,
      "grouping": 0.4885840181340929,
      "speed": 1.7519775001990385,
      "vision": 94.64577624278365,
      "avoidance": 0.8891816110021667,
      "fitness": 145.3707571657597,
      "generation": 0
    },
    {
      "aggression": 0.029477397160000862,
      "patience": 0.16439543624263675,
      "grouping": 0.8331938872917973,
      "speed": 0.5149806916877477,
      "vision": 69.82940372023768,
      "avoidance": 0.8781160203375716,
      "fitness": 12.495605022753214,
      "generation": 0
    }
  ],
  "fitness_history": {
    "best": [
      145.3707571657597
    ],
    "average": [
      78.93318109425645
    ]
  }
}