{
  "generation": 1,
  "population": [
    {
      "aggression": 0.7129528046311331,
      "patience": 0.8567126128898253,
      "grouping": 0.7129953946926608,
      "speed": 0.6914470307173282,
      "vision": 137.87167545076898,
      "avoidance": 0.35977545340255024,
      "fitness": 103.30261996105443,
      "generation": 0
    },
    {
      "aggression": 0.27236212329781306,
      "patience": 0.7116751042508526,
      "grouping": 0.895292321743124,
      "speed": 0.5654880558319075,
      "vision": 127.26483222139932,
      "avoidance": 0.043667631208035296,
      "fitness": 40.15199456748048,
      "generation": 0
    }
  ],
  "fitness_history": {
    "best": [
      103.30261996105443
    ],
    "average": [
      71.72730726426745
    ]
  }
}